integerOverflow	overflow
shlOverflow	overflow
shrOverflow	overflow
shiftRhsTooBig	overflow
integerOutOfBounds	overflow
integerPartOutOfBounds	overflow
outOfBounds	outOfBounds
startGreaterThanEnd	outOfBounds
divideByZero	divByZero
doubleFree	illegal
reachedUnreachable	unreachable
exactDivisionRemainder	panic
unwrapNull	panic
unwrapError	panic
forLenMismatch	panic
invalidEnumValue	panic
inactiveUnionField	panic
corruptSwitch	panic
sentinelMismatch	panic
copyLenMismatch	panic
memcpyAlias	panic
castToNull	panic
incorrectAlignment	panic
panic	panic
